"episode_name","production","airdate","series_name","season","link"
"Caretaker","101 & 102","16 Jan 1995","Voyager","Season One","http://www.chakoteya.net/Voyager/101.htm"
"Parallax","103","23 Jan1995","Voyager","Season One","http://www.chakoteya.net/Voyager/102.htm"
"Time and Again","104","30 Jan 1995","Voyager","Season One","http://www.chakoteya.net/Voyager/103.htm"
"Phage","105","6 Feb 1995","Voyager","Season One","http://www.chakoteya.net/Voyager/104.htm"
"The Cloud","106","13 Feb 1995","Voyager","Season One","http://www.chakoteya.net/Voyager/105.htm"
"Eye of the Needle","107","20 Feb 1995","Voyager","Season One","http://www.chakoteya.net/Voyager/106.htm"
"Ex Post Facto","108","27 Feb 1995","Voyager","Season One","http://www.chakoteya.net/Voyager/107.htm"
"Emanations","109","13 Mar 1995","Voyager","Season One","http://www.chakoteya.net/Voyager/108.htm"
"Prime Factors","110","20 Mar 1995","Voyager","Season One","http://www.chakoteya.net/Voyager/109.htm"
"State of Flux","111","10 Apr 1995","Voyager","Season One","http://www.chakoteya.net/Voyager/110.htm"
"Heroes and Demons","112","24 Apr 1995","Voyager","Season One","http://www.chakoteya.net/Voyager/111.htm"
"Cathexis","113","1 May 1995","Voyager","Season One","http://www.chakoteya.net/Voyager/112.htm"
"Faces","114","8 May 1995","Voyager","Season One","http://www.chakoteya.net/Voyager/113.htm"
"Jetrel","115","15 May 1995","Voyager","Season One","http://www.chakoteya.net/Voyager/114.htm"
"Learning Curve","116","22 May 1995","Voyager","Season One","http://www.chakoteya.net/Voyager/115.htm"
"The 37's","120","28 Aug 1995","Voyager","Season Two","http://www.chakoteya.net/Voyager/119.htm"
"Initiations","121","4 Sep 1995","Voyager","Season Two","http://www.chakoteya.net/Voyager/201.htm"
"Projections","117","11 Sep 1995","Voyager","Season Two","http://www.chakoteya.net/Voyager/116.htm"
"Elogium","118","18 Sep 1995","Voyager","Season Two","http://www.chakoteya.net/Voyager/117.htm"
"Non Sequitur","122","25 Sep 1995","Voyager","Season Two","http://www.chakoteya.net/Voyager/202.htm"
"Twisted","119","2 Oct 1995","Voyager","Season Two","http://www.chakoteya.net/Voyager/118.htm"
"Parturition","123","9 Oct 1995","Voyager","Season Two","http://www.chakoteya.net/Voyager/203.htm"
"Persistence of Vision","124","30 Oct 1995","Voyager","Season Two","http://www.chakoteya.net/Voyager/204.htm"
"Tattoo","125","6 Nov 1995","Voyager","Season Two","http://www.chakoteya.net/Voyager/205.htm"
"Cold Fire","126","13 Nov 1995","Voyager","Season Two","http://www.chakoteya.net/Voyager/206.htm"
"Maneuvers","127","20 Nov 1995","Voyager","Season Two","http://www.chakoteya.net/Voyager/207.htm"
"Resistance","128","27 Nov 1995","Voyager","Season Two","http://www.chakoteya.net/Voyager/208.htm"
"Prototype","129","15 Jan 1996","Voyager","Season Two","http://www.chakoteya.net/Voyager/209.htm"
"Alliances","131","22 Jan 1996","Voyager","Season Two","http://www.chakoteya.net/Voyager/211.htm"
"Threshold","132","29 Jan 1996","Voyager","Season Two","http://www.chakoteya.net/Voyager/212.htm"
"Meld","133","5 Feb 1996","Voyager","Season Two","http://www.chakoteya.net/Voyager/213.htm"
"Dreadnought","134","12 Feb 1996","Voyager","Season Two","http://www.chakoteya.net/Voyager/214.htm"
"Death Wish","130","19 Feb 1996","Voyager","Season Two","http://www.chakoteya.net/Voyager/210.htm"
"Lifesigns","136","26 Feb 1996","Voyager","Season Two","http://www.chakoteya.net/Voyager/216.htm"
"Investigations","135","13 Mar 1996","Voyager","Season Two","http://www.chakoteya.net/Voyager/215.htm"
"Deadlock","137","18 Mar 1996","Voyager","Season Two","http://www.chakoteya.net/Voyager/217.htm"
"Innocence","138","8 Apr 1996","Voyager","Season Two","http://www.chakoteya.net/Voyager/218.htm"
"The Thaw","139","29 Apr 1996","Voyager","Season Two","http://www.chakoteya.net/Voyager/219.htm"
"Tuvix","140","6 May 1996","Voyager","Season Two","http://www.chakoteya.net/Voyager/220.htm"
"Resolutions","141","13 May 1996","Voyager","Season Two","http://www.chakoteya.net/Voyager/221.htm"
"Basics Part I","142","20 May 1996","Voyager","Season Two","http://www.chakoteya.net/Voyager/222.htm"
"Basics Part II","146","4 Sep 1996","Voyager","Season Three","http://www.chakoteya.net/Voyager/222.htm#To%20Be%20Continued....."
"Flashback","145","11 Sep 1996","Voyager","Season Three","http://www.chakoteya.net/Voyager/225.htm"
"The Chute","147","18 Sep 1996","Voyager","Season Three","http://www.chakoteya.net/Voyager/301.htm"
"The Swarm","149","25 Sep 1996","Voyager","Season Three","http://www.chakoteya.net/Voyager/303.htm"
"False Profits","144","2 Oct 1996","Voyager","Season Three","http://www.chakoteya.net/Voyager/224.htm"
"Remember","148","9 Oct 1996","Voyager","Season Three","http://www.chakoteya.net/Voyager/302.htm"
"Sacred Ground","143","30 Oct 1996","Voyager","Season Three","http://www.chakoteya.net/Voyager/223.htm"
"Future's End","150 & 151","6, 13 Nov 1996","Voyager","Season Three","http://www.chakoteya.net/Voyager/304.htm"
"Warlord","152","20 Nov 1996","Voyager","Season Three","http://www.chakoteya.net/Voyager/305.htm"
"The Q and the Grey","153","27 Nov 1996","Voyager","Season Three","http://www.chakoteya.net/Voyager/306.htm"
"Macrocosm","154","11 Dec 1996","Voyager","Season Three","http://www.chakoteya.net/Voyager/307.htm"
"Fair Trade","156","8 Jan 1997","Voyager","Season Three","http://www.chakoteya.net/Voyager/309.htm"
"Alter Ego","155","15 Jan 1997","Voyager","Season Three","http://www.chakoteya.net/Voyager/308.htm"
"Coda","158","29 Jan 1997","Voyager","Season Three","http://www.chakoteya.net/Voyager/311.htm"
"Blood Fever","157","5 Feb 1997","Voyager","Season Three","http://www.chakoteya.net/Voyager/310.htm"
"Unity","159","12 Feb 1997","Voyager","Season Three","http://www.chakoteya.net/Voyager/312.htm"
"Darkling","161","19 Feb 1997","Voyager","Season Three","http://www.chakoteya.net/Voyager/314.htm"
"Rise","160","26 Feb 1997","Voyager","Season Three","http://www.chakoteya.net/Voyager/313.htm"
"Favorite Son","162","19 Mar 1997","Voyager","Season Three","http://www.chakoteya.net/Voyager/315.htm"
"Before and After","163","9 Apr 1997","Voyager","Season Three","http://www.chakoteya.net/Voyager/316.htm"
"Real Life","164","23 Apr 1997","Voyager","Season Three","http://www.chakoteya.net/Voyager/317.htm"
"Distant Origin","165","30 Apr 1997","Voyager","Season Three","http://www.chakoteya.net/Voyager/318.htm"
"Displaced","166","7 May 1997","Voyager","Season Three","http://www.chakoteya.net/Voyager/319.htm"
"Worst Case Scenario","167","14 May 1997","Voyager","Season Three","http://www.chakoteya.net/Voyager/320.htm"
"Scorpion Part I","168","21 May 1997","Voyager","Season Three","http://www.chakoteya.net/Voyager/321.htm"
"Scorpion Part 2","169","3 Sep 1997","Voyager","Season Four","http://www.chakoteya.net/Voyager/321.htm#To%20be%20continued"
"The Gift","170","10 Sep 1997","Voyager","Season Four","http://www.chakoteya.net/Voyager/401.htm"
"Day of Honor","172","17 Sep 1997","Voyager","Season Four","http://www.chakoteya.net/Voyager/403.htm"
"Nemesis","171","24 Sep 1997","Voyager","Season Four","http://www.chakoteya.net/Voyager/402.htm"
"Revulsion","173","1 Oct 1997","Voyager","Season Four","http://www.chakoteya.net/Voyager/404.htm"
"The Raven","174","8 Oct 1997","Voyager","Season Four","http://www.chakoteya.net/Voyager/405.htm"
"Scientific Method","175","29 Oct 1997","Voyager","Season Four","http://www.chakoteya.net/Voyager/406.htm"
"Year of Hell","176 & 177","5, 12 Nov 1997","Voyager","Season Four","http://www.chakoteya.net/Voyager/407.htm"
"Random Thoughts","178","19 Nov 1997","Voyager","Season Four","http://www.chakoteya.net/Voyager/408.htm"
"Concerning Flight","179","26 Nov 1997","Voyager","Season Four","http://www.chakoteya.net/Voyager/409.htm"
"Mortal Coil","180","17 Dec 1997","Voyager","Season Four","http://www.chakoteya.net/Voyager/410.htm"
"Waking Moments","182","14 Jan 1998","Voyager","Season Four","http://www.chakoteya.net/Voyager/412.htm"
"Message in a Bottle","181","21 Jan 1998","Voyager","Season Four","http://www.chakoteya.net/Voyager/411.htm"
"Hunters","183","11 Feb 1998","Voyager","Season Four","http://www.chakoteya.net/Voyager/413.htm"
"Prey","184","18 Feb 1998","Voyager","Season Four","http://www.chakoteya.net/Voyager/414.htm"
"Retrospect","185","25 Feb 1998","Voyager","Season Four","http://www.chakoteya.net/Voyager/415.htm"
"The Killing Game","186 & 187","4 Mar 1998","Voyager","Season Four","http://www.chakoteya.net/Voyager/416.htm"
"Vis a Vis","188","8 Apr 1998","Voyager","Season Four","http://www.chakoteya.net/Voyager/417.htm"
"The Omega Directive","189","15 Apr 1998","Voyager","Season Four","http://www.chakoteya.net/Voyager/418.htm"
"Unforgettable","190","22 Apr 1998","Voyager","Season Four","http://www.chakoteya.net/Voyager/419.htm"
"Living Witness","191","29 Apr 1998","Voyager","Season Four","http://www.chakoteya.net/Voyager/420.htm"
"Demon","192","6 May 1998","Voyager","Season Four","http://www.chakoteya.net/Voyager/421.htm"
"One","193","13 May 1998","Voyager","Season Four","http://www.chakoteya.net/Voyager/422.htm"
"Hope and Fear","194","20 May 1998","Voyager","Season Four","http://www.chakoteya.net/Voyager/423.htm"
"Night","195","14 Oct 1998","Voyager","Season Five","http://www.chakoteya.net/Voyager/501.htm"
"Drone","196","21 Oct 1998","Voyager","Season Five","http://www.chakoteya.net/Voyager/502.htm"
"Extreme Risk","197","28 Oct 1998","Voyager","Season Five","http://www.chakoteya.net/Voyager/503.htm"
"In the Flesh","198","4 Nov 1998","Voyager","Season Five","http://www.chakoteya.net/Voyager/504.htm"
"Once Upon a Time","199","11 Nov 1998","Voyager","Season Five","http://www.chakoteya.net/Voyager/505.htm"
"Timeless","201","18 Nov 1998","Voyager","Season Five","http://www.chakoteya.net/Voyager/507.htm"
"Infinite Regress","203","25 Nov 1998","Voyager","Season Five","http://www.chakoteya.net/Voyager/509.htm"
"Nothing Human","200","2 Dec 1998","Voyager","Season Five","http://www.chakoteya.net/Voyager/506.htm"
"Thirty Days","202","8 Dec 1998","Voyager","Season Five","http://www.chakoteya.net/Voyager/508.htm"
"Counterpoint","204","16 Dec 1998","Voyager","Season Five","http://www.chakoteya.net/Voyager/510.htm"
"Latent Image","206","20 Jan 1999","Voyager","Season Five","http://www.chakoteya.net/Voyager/512.htm"
"Bride of Chaotica","207","27 Jan 1999","Voyager","Season Five","http://www.chakoteya.net/Voyager/513.htm"
"Gravity","205","3Â Feb 1999","Voyager","Season Five","http://www.chakoteya.net/Voyager/511.htm"
"Bliss","209","10 Feb 1999","Voyager","Season Five","http://www.chakoteya.net/Voyager/515.htm"
"Dark Frontier","211 & 212","17 Feb 1999","Voyager","Season Five","http://www.chakoteya.net/Voyager/517.htm"
"The Disease","210","24 Feb 1999","Voyager","Season Five","http://www.chakoteya.net/Voyager/516.htm"
"Course: Oblivion","213","3 Mar 1999","Voyager","Season Five","http://www.chakoteya.net/Voyager/518.htm"
"The Fight","208","24 Mar 1999","Voyager","Season Five","http://www.chakoteya.net/Voyager/514.htm"
"Think Tank","214","31 Mar 1999","Voyager","Season Five","http://www.chakoteya.net/Voyager/519.htm"
"Juggernaut","215","26 Apr 1999","Voyager","Season Five","http://www.chakoteya.net/Voyager/520.htm"
"Someone to Watch Over Me","216","28 Apr 1999","Voyager","Season Five","http://www.chakoteya.net/Voyager/521.htm"
"11:59","217","5 May 1999","Voyager","Season Five","http://www.chakoteya.net/Voyager/522.htm"
"Relativity","218","12 May 1999","Voyager","Season Five","http://www.chakoteya.net/Voyager/523.htm"
"Warhead","219","19 May 1999","Voyager","Season Five","http://www.chakoteya.net/Voyager/524.htm"
"Equinox Part I","220","26 May 1999","Voyager","Season Five","http://www.chakoteya.net/Voyager/525.htm"
"Equinox Part 2","221","22 Sep 1999","Voyager","Season Six","http://www.chakoteya.net/Voyager/525.htm#To%20Be%20Continued..."
"Survival Instinct","222","29 Sep 1999","Voyager","Season Six","http://www.chakoteya.net/Voyager/601.htm"
"Barge of the Dead","223","6 Oct 1999","Voyager","Season Six","http://www.chakoteya.net/Voyager/602.htm"
"Tinker, Tenor, Doctor, Spy","224","13 Oct 1999","Voyager","Season Six","http://www.chakoteya.net/Voyager/603.htm"
"Alice","226","20 Oct 1999","Voyager","Season Six","http://www.chakoteya.net/Voyager/605.htm"
"Riddles","227","3 Nov 1999","Voyager","Season Six","http://www.chakoteya.net/Voyager/606.htm"
"Dragon's Teeth","225","10 Nov 1999","Voyager","Season Six","http://www.chakoteya.net/Voyager/604.htm"
"One Small Step","228","17 Nov 1999","Voyager","Season Six","http://www.chakoteya.net/Voyager/607.htm"
"The Voyager Conspiracy","229","24 Nov 1999","Voyager","Season Six","http://www.chakoteya.net/Voyager/608.htm"
"Pathfinder","230","1 Dec 1999","Voyager","Season Six","http://www.chakoteya.net/Voyager/609.htm"
"Fair Haven","231","12 Jan 2000","Voyager","Season Six","http://www.chakoteya.net/Voyager/610.htm"
"Blink of an Eye","233","19 Jan 2000","Voyager","Season Six","http://www.chakoteya.net/Voyager/612.htm"
"Virtuoso","234","26 Jan 2000","Voyager","Season Six","http://www.chakoteya.net/Voyager/613.htm"
"Memorial","236","2 Feb 2000","Voyager","Season Six","http://www.chakoteya.net/Voyager/615.htm"
"Tsunkatse","232","9 Feb 2000","Voyager","Season Six","http://www.chakoteya.net/Voyager/611.htm"
"Collective","235","16 Feb 2000","Voyager","Season Six","http://www.chakoteya.net/Voyager/614.htm"
"Spirit Folk","237","23 Feb 2000","Voyager","Season Six","http://www.chakoteya.net/Voyager/616.htm"
"Ashes to Ashes","238","1 Mar 2000","Voyager","Season Six","http://www.chakoteya.net/Voyager/617.htm"
"Child's Play","239","8 Mar 2000","Voyager","Season Six","http://www.chakoteya.net/Voyager/618.htm"
"Good Shepherd","240","15 Mar 2000","Voyager","Season Six","http://www.chakoteya.net/Voyager/619.htm"
"Live Fast and Prosper","242","19 Apr 2000","Voyager","Season Six","http://www.chakoteya.net/Voyager/621.htm"
"Muse","244","26 Apr 2000","Voyager","Season Six","http://www.chakoteya.net/Voyager/623.htm"
"Fury","241","3 May 2000","Voyager","Season Six","http://www.chakoteya.net/Voyager/620.htm"
"Life Line","243","10 May 2000","Voyager","Season Six","http://www.chakoteya.net/Voyager/622.htm"
"The Haunting of Deck Twelve","245","17 May 2000","Voyager","Season Six","http://www.chakoteya.net/Voyager/624.htm"
"Unimatrix Zero Part I","246","24 May 2000","Voyager","Season Six","http://www.chakoteya.net/Voyager/625.htm"
"Unimatrix Zero Part II","247","4 Oct 2000","Voyager","Season Seven","http://www.chakoteya.net/Voyager/625.htm#To%20be%20continued"
"Imperfection","248","11 Oct 2000","Voyager","Season Seven","http://www.chakoteya.net/Voyager/701.htm"
"Drive","249","18 Oct 2000","Voyager","Season Seven","http://www.chakoteya.net/Voyager/702.htm"
"Repression","251","25 Oct 2000","Voyager","Season Seven","http://www.chakoteya.net/Voyager/704.htm"
"Critical Care","250","1 Nov 2000","Voyager","Season Seven","http://www.chakoteya.net/Voyager/703.htm"
"Inside Man","252","8 Nov 2000","Voyager","Season Seven","http://www.chakoteya.net/Voyager/705.htm"
"Body and Soul","255","15 Nov 2000","Voyager","Season Seven","http://www.chakoteya.net/Voyager/707.htm"
"Nightingale","256","22 Nov 2000","Voyager","Season Seven","http://www.chakoteya.net/Voyager/708.htm"
"Flesh and Blood","253 & 254","29 Nov 2000","Voyager","Season Seven","http://www.chakoteya.net/Voyager/706.htm"
"Shattered","257","17Jan 2001","Voyager","Season Seven","http://www.chakoteya.net/Voyager/709.htm"
"Lineage","258","24 Jan 2001","Voyager","Season Seven","http://www.chakoteya.net/Voyager/710.htm"
"Repentance","259","Jan 31 2001","Voyager","Season Seven","http://www.chakoteya.net/Voyager/711.htm"
"Prophecy","260","7 Feb 2001","Voyager","Season Seven","http://www.chakoteya.net/Voyager/712.htm"
"The Void","261","14 Feb 2001","Voyager","Season Seven","http://www.chakoteya.net/Voyager/713.htm"
"Workforce","262 & 263","21, 28 Feb 2001","Voyager","Season Seven","http://www.chakoteya.net/Voyager/714.htm"
"Human Error","264","7 Mar 2001","Voyager","Season Seven","http://www.chakoteya.net/Voyager/715.htm"
"Q2","265","11 Apr 2001","Voyager","Season Seven","http://www.chakoteya.net/Voyager/716.htm"
"Author, Author","266","18Apr 2001","Voyager","Season Seven","http://www.chakoteya.net/Voyager/717.htm"
"Friendship One","267","25 Apr 2001","Voyager","Season Seven","http://www.chakoteya.net/Voyager/718.htm"
"Natural Law","268","2 May 2001","Voyager","Season Seven","http://www.chakoteya.net/Voyager/719.htm"
"Homestead","269","9 May 2001","Voyager","Season Seven","http://www.chakoteya.net/Voyager/720.htm"
"Renaissance Man","270","16 May 2001","Voyager","Season Seven","http://www.chakoteya.net/Voyager/721.htm"
"Endgame","271 & 272","23 May 2001","Voyager","Season Seven","http://www.chakoteya.net/Voyager/722.htm"
